0.6,Global online education is a key to democratizing access to learning and overcoming societal ills such as poverty ,OpEd Columnist Revolution Hits the Universities
2.4,Hollywood Accepts Chinese Censorship (Will Movies Get Any Better),In Hollywood Movies for China Bureaucrats Want a Say
3.8,Bloomberg Assault weapon ban tough sell  Pub. enemies 1 and 2 according to minor mayor Big Gulps and guns. ocra,Bloomberg Assault weapons ban is tough sell
4.2,Car bomb detonates outside Afghan intelligence agency; casualty toll unclear.,Powerful Car Bomb Explodes Outside Afghan Intelligence Agency
4,Whats in Feinsteins gun bill    tgdn pjnet,Whats in Feinsteins bill
2.2,Linda Greenhouse Roe v. Wade was abt drs facing prosecution for acting in what they saw as patients best interests,Opinionator Misconceptions About Roe v. Wade
2,Special measures for Beijing polution,Smog cloud blankets Beijing
3.4,SYNTHAX_tERROR 2  "American Taliban" John Walker Lindh wins case over Muslim group prayer in prison,American Taliban wins right to group prayer
2.8,The questions Oprah shouldve asked Lance Amstrong,Hard Questions for Lance Armstrong
3,Cc   At least 90 killed in Brazil nightclub fire ",Hundreds killed in Brazil nightclub fire
0.8,Not a tear here Red Brigades jagoff dies year older than me fuck him,Prospero Gallinari a Terrorist Is Dead at 62
1,so many places to go ,The 46 Places to Go in 2013
4.2,As California Bounces Back Governor Calls For Lofty Goals,With California Rebounding Governor Pushes Big Projects
4.2,NYTimes Leishmaniasis A Genetic Link Found in FarFlung Victims of a Lethal Form of a Parasitic Disease,Global Update A Genetic Link Found for Victims of Lethal Form of Leishmaniasis
4.4,Jesus  At least 245 dead as fire sweeps through nightclub in Brazil.,Scores Dead as Fire Sweeps Through Nightclub in Brazil
0.4,So the company mad isnt this what most companies are doing,U.S. man outsources job to China surfs cat videos
1.6,Taking Aim  Stopgunviolence Congress NRA,Obama Gun Policy and the N.R.A.
4,NRA releases target shooting app hmm wait a sec ,NRA draws heat for shooting game
4.8,Broken limbs torn lives in northern Mali Africa conflict humanrights,Broken limbs torn lives in Mali
3,slams guest over AR15s,Piers guest clash over AR15s
3.2,A truckload of flaming brown cheese closed a road tunnel in Arctic Norway for the last six days.,World Briefing | Europe Norway Cheese Fire Shuts Tunnel
2,Sex abuse common but so is our inability to face road range of behaviors common to humans A Pedophile in Plain Sight,Opinion At Poly Prep a Pedophile in Plain Sight
3.2,Death toll climbs to 220 in Brazil nightclub fire official says.,Hundreds killed in Brazil nightclub fire
3.8,(I love him) 10 reasons we cant get enough Gosling ,Why we cant get enough Gosling (Duh)
3.6,U.S. withdrawal is tough love for Afghans,U.S. tough love for Afghan troops
1.5,NYTimes Andrew Revkin on next steps for China in cleaning up pollution.,Charting a PostPollution Path for Cities  From London 1952 through Beijing 2013
3.6,Justice Clarence Thomas Breaks His SilenceTELL THE JUSTICE THAT COURTESY WILL NOT PROTECT CITIZENS RIGHTS.GET WITH IT,Justice Thomas Breaks His Silence in Court
3.4,NATO Missile battery opens on Syrian border  this could set forth an unwanted chain of events here.,NATO Patriot missile battery operational on Syrian border
4,Whats wrong with the Boeing Dreamliner ". Airlines must be SO happy,Whats wrong with the Dreamliner
4.6,Hopefully not together  Richard Pryor & Dick Cheney Focus of Showtime Documentaries ",Richard Pryor and Dick Cheney Focus of Showtime Documentaries
3.4,We will pass a milestone this year the majority of the fish we eat will be farmraised rather than wild,A Milestone Looms for FarmRaised Fish
1,Design design design. Were on the tail end of technology being special says John Maeda.,Disruptions Disruptions Design Is Driving Technology Forward
4.4,Interesting article on the CNN homepage. "Mickleson has a point on taxes.",Mickelson has a point on taxes
3.2,Pictures of the Day Pakistan Syria Indonesia Germany Phillipines and Mali.,Pictures of the Day Pakistan and Elsewhere
3.8,How Vine video may change Twitter in,6 ways Vines six seconds may change Twitter
1.2,+1 MT  "I loathe writing with a kind of phobia  only a sort of perverse masochism keeps me at it" Styron,Selected Letters of William Styron
4.6,SPORT MT  Lance Armstrong confesses to doping. Next step Testifying against the higherups in cycling.,Armstrong Admits Doping and Says He Will Testify Against Cycling Officials
4,Bloomberg chips in a billion,Bloomberg gives $1.1B to university
4.4,U.S. governmentsupported rescue mission of French hostage in Somalia failed.,U.S. supported Frances failed hostage rescue in Somalia
4.4,NYTimes Is Delhi So Different From Steubenville USA,OpEd Columnist Is Delhi So Different From Steubenville
2.6,Cardinal Mahony abuser of liturgies and shielder of child abusers. So sad and frustrating.,Mahony Shielded Abusive Priests Documents Show
1.6,"Tennis Djokovic claims Aussie triumph  ZmerchNews dot Com",Djokovic 3 Aussie wins in a row
2,Man Crapping Killed in Fall Between Subway Cars,Train Kills Man in 125th Street Subway Station
2.6,US details help in failed hostage rescue. Somalia France,U.S. supported Frances failed hostage rescue in Somalia
4.4,Microsofts Windows 8 sales are OK not great  CNNMoney,Microsofts Windows 8 sales are big  just not big enough
3.4,Internet Activist AaronSwartzCreator of RSS Is Dead at 26 Suicide. Was the pressure of pending lawsuits too much,Aaron Swartz Internet Activist Dies at 26
4,The truth about publicity   Bad publicity does exist. pr media,Maybe There Is Such a Thing as Bad Publicity
3.6,Revolution Hits the Universities by   distance education sustainability,OpEd Columnist Revolution Hits the Universities
3.8,VICKI HUDDLESTON  Why We Must Help Save Mali,OpEd Contributor Why We Must Help Save Mali
4.4,This is a weird article. "Ray Kurzweil Says Weâ€™re Going to Live Forever",Talk Ray Kurzweil Says Were Going to Live Forever
1,Daannngg  Lance Armstrong tells Oprah he couldnt have won 7 Tour de France titles without doping ,Armstrong stripped of Olympic medal
2.6,Apple makes a $13.1 billion profit sells 28% more iPhones and 48% more iPads. Stock dips 11%,Apples Profits Are Flat and Stock Drops
4.6,When does life begin Catholic hospital argues that an embryo is not a person.,Catholic hospitals lawyers argue fetus not a person
3.8,Two years after the Egyptian Revolution  U.S gets it wrong on Egypt again ,Opinion U.S gets it wrong on Egypt again
4.6,After Armstrong Admits Doping 2 Oprah years 2 late he now says He Will Testify Against alleged Doping Officials,Armstrong Admits Doping and Says He Will Testify Against Cycling Officials
1.8,Wait bribing kids is bad notmomoftheyearafterall,This Life Modifying a Childs Behavior Without Resorting to Bribes  This Life
2.6,Disney s new videogame  via NYTimes Video Game Combines the Worlds of Disney,Media Decoder Blog New Video Game Features Disney and Pixar MashUps
4.4,In the Gowanus Canal a dolphin,Dolphin Swimming in Gowanus Canal
4,Senator Schumer Says Hes Satisfied With Chuck Hagel on the Mideast. His endorsement should settle that issue.,Schumer Says Hes Satisfied With Hagel on Mideast
4.2,Producer of popular gunrelated videos shot. Every gun death is a tragedy.,Producer of popular gunrelated videos found fatally shot
0,interesting and sensible,Opinionator Back When I Was Packing
3.4,Sign of inaccessible culturally incompetent mainstream care As Bodega Clinicas Fill Void Health Officials Are Torn,Bodega Clinicas Draw Interest of Health Officials
2.4,Romes colorful Colosseum,Romes Colosseum gives up secrets
4.8, Samsung profit at record $6.6 billion ",Samsung profit soars to $6.6B record
3.2,Spanish police seize items intended for Iran. Qu mal rollo ,Spanish police say seized items intended for Iran nuclear program
0.8,This is a pretty amazing read. howstuffworks NYTimes Coins Bills and the National Debt,Economix Blog Bruce Bartlett Accounting for a $1 Trillion Platinum Coin
1.6,Fitness Center in a Hotel Room,Urban Athlete A Hotel Room Workout From Nicole Glor
1.4,Im surprised by the lack of coverage of the N Ireland riots.,Police deploy water cannon at Northern Ireland riot
4,Saudis defend SriLankan maids execution,Saudis defend maids beheading
3.6,The worst kind of poor flying judgement. Stunt plane barely missing two people prompts FAA probe.,Video of stunt plane barely missing two people prompts FAA probe
2.2,on Hillary Clintons FP approach,IHT Rendezvous The Clinton Doctrine of American Foreign Policy
2.6,An Insider Returns to Politics in Italy memofromrome politics,Berlusconi Stirs Up Elections in Italy
3.6,Sign of the apocalypse Voice of Charlie Brown arrested charged. ,Good grief Charlie Brown actor charged
3.8,A really nicely written story In the Subways a Voice to Stir the Soul,In the Subways Geechee Dans Voice Stirs the Soul
4.2,CES keynote Young people today are born mobile  hitech,CES Young people are born mobile
2.6,What prevents people from being able to die at home is not their medical needs but the needs of their caregiver hpm,The New Old Age Blog What You Need to Bring Your Loved One Home to Die
3,U.S. Warplanes Enter Somalia Airspace MR. POTUS; WRITE ANOTHER LETTER&TELL FRENCH WERE NOT IN THE MOOD FOR THEIR MESS.,U.S. Warplanes Enter Somali Airspace
2.8,Climate Change at CNN Next step Obamas State of the Union speech on February 12 .,Climate change activists to Obama Steer clear of Congress
3.4,RSS and Reddit codevelopper Aaron Swartz commits suicide,Online activist Aaron Swartz commits suicide
4.6,Charlie Brown voice actor charged,Good grief Charlie Brown actor charged
0,NJFF is showing this film on Jan 26 at Rutgers University,Our Generation Set for Life Documents Crisis Among Baby Boomers
2.5,Dreamliner having fitful rollout. How tough is this for Boeing,Deepening Crisis for the Dreamliner
2.8,What We Donâ€™t Know Is Killing Us  The gun industry cant handle the truth.,Editorial What We Dont Know Is Killing Us
3.8,India Ink Woman Raped by Seven Men in Punjab Police Say Police said Sunday that a 29yearold woman had been  ,India Ink Woman Raped by Seven Men in Punjab India Police Say
5,Photos KimJongUn and his army forces,Photos Kim Jong Un and his military
3.4,Indonesian official Rape victims enjoy it Oh hell no they dont,Wouldbe judge suggests women enjoy rape
2,So wait you think I want to search Facebook and use Bing as the back up  ha.,Bits Blog Facebook Unveils a New Search Tool
3,ICYMI Facebook unveiled a new search tool today "Graph Searchl",Bits Blog Facebook Unveils a New Search Tool
4.4,"humanitarian emergency."declared by Aid groups in Syria ",Humanitarian emergency in Syria
3.4,President  If she wants it,President Hillary Clinton If she wants it
0,They deserve such unkind words.,Kenyan rangers hunt poachers who killed 11 elephants for ivory
0,A great piece in the NYT mag on story lit and media.,Riff Once Upon a Time There Was a Person Who Said Once Upon a Time
3.8,Review Facebooks Graph Search not v. useful  CNN  "only two of my 526 friends like cats" say no more,Review Facebooks Graph Search is not very useful
4.4,Ukraine signs shale gas drilling deal with Shell at Davos energy marketentry,Ukraine Signs Drilling Deal With Shell for Shale Gas
3.6,By the numbers Women in the U.S. military nah not good idea,By numbers Women in U.S. military
1.2,Try something new on your next vacation.,Exotic culinary tours around the world
4.25, Britney Spears calls off engagement " loool CNN reports this Where is this world going,Britney Spears Jason Trawick call off engagement
2.2,Pooping Man Killed in Fall Between Subway Cars,Train Kills Man in 125th Street Subway Station
4,Thank goodness.  Man charged with murder in Philadelphia doctors death. ,Man charged with murder in doctors death source says
4.2,Teen murdered in West Bank by Israeli military occupation force  activists say ,Teen shot in West Bank by Israeli military activists say
1.4,live to eat or eat to live I take the former.,Big City New Generation Confronts Unaffordable Luxury of Food
4.6,Boosting Your Flu Shot Response With Exercise,Exercise Can Boost Flu Shots Potency
2.4,Smartphones are lifes remote control ,Smartphones Can Now Run Consumers Lives
3.4,Er diab   At least 245 killed in Brazil nightclub fire ",Hundreds killed in Brazil nightclub fire
3,2013 Oscar nominations Who got,2013 Oscar nods Who got snubbed
0.8,NYT reports on my intvu with Ehud Barak links to Daily Beast  wef israel iran nukes war,Defense Official Hints That Israel Is Stepping Back From Plans to Unilaterally Attack Iran
2.5,Convicted in Thailand of *implying* an insult to the king. There was no mention of the kings name in the speech.,In Thailand a Broader Definition of Insulting Royalty
1.8,"Escape from La Crosse" The Preppers Next Door,The Doomsday Preppers of New York
3.8,Can Oprah save Lance Armstrong  Shes not convinced  Doprah,Can even Oprah save Lance Armstrong
4,Notre Dame linebacker victim of a Catfish type hoax,Notre Dame linebacker says he is victim of hoax
2.2,Morning athletic inspiration (let everyone compete) Forging Path to Starting Line for Younger Disabled Athletes  NYT,Disabled Athletes Suit Up Raising Questions of Logistics and Fairness
1.2,Michael R. Bloomberg credits JohnsHopkinsUniversity for turning him into a leader,At $1.1 Billion Bloomberg Is Top University Donor in U.S.
3.4,This is ludicrous. Sheriff I wont enforce Obamas gun laws. Really,Sheriff wont enforce unconstitutional gun laws
4,Man outsources own job to China,U.S. man outsources job to China surfs cat videos
3.6,Morsis Slurs Against Jews in 2010 Uncovered,Morsis Slurs Against Jews Stir Concern
0,thins just dont add up just when North Korea successfully lunched a rocket now America allows this. Or am I ,How Americas top general came to endorse women in combat
0.4,you are an inspiration  Keepfighting,The front lines in fight for women
2.8,Study Collegeeducated weathered downturn best,Study Shows College Degrees Value During Economic Downturn
4,sadness. Dolphin stuck in polluted NYC canal dies. ,Dolphin stuck in New York canal dies
3.4,"Errors may have exposed veterans to viruses" Uh oh ,Insulin injection errors may have exposed veterans to viruses
0.6,Today I learned "Currently there is no federal law that defines gun trafficking as a crime." I am at a loss for words.,Senator Unveils Bill to Limit Semiautomatic Arms
2.4,President Obama turning to ExProsecutor Mary Jo White to Be Securities and Exchange Commission (S.E.C.) Boss,Mary Jo White to Be Named New S.E.C. Boss
3.4,Wow. A brief but eyeopening piece in the  A Pedophile in Plain Sight,Opinion At Poly Prep a Pedophile in Plain Sight
4,Good read Why the Net grieves Aaron Swartz ,Why world grieves Aaron Swartz
4.2,Finally Armstrong Admits Doping and Says He Will Testify,Armstrong Admits Doping and Says He Will Testify Against Cycling Officials
0.6,Great informative article that shows PepsiCos cooperation with resolving this health issue and placing consumers first,Gatorade Listens to a Teen And Changes Its Formula
3.8,How the US has changed in my lifetime,From Reagan to Obama how we have changed as a nation
4.8,The New York Times Chinese Firm Buys U.S. Solar StartUp,Chinese Firm Buys an American Solar Technology StartUp
4.4,In France Protesters rally against allowing samesex marriage,French rally No to samesex marriage
4.4,FOLLOW THE DINERO Cuomo Raises $22.5 Million for Reelection Bid,Cuomo Raises Nearly $22.5 Million for Reelection Campaign
2.2,China is investing in education   highered edpolicy,Next MadeinChina Boom College Graduates
3.2,Can Livestrong survive Lance Armstrong doping admission ,Livestrong has life after Lance
3.6,Build a fence around your good health Your top flu questions answered.,Your top 10 flu questions answered
3.2,Johnson & Johnson Aware of 40% Failure in Hip Implant  hipimplant,Maker Aware of 40% Failure in Hip Implant
4.2,Is there a worse way to live  (cc ) JIDF,Is there a worse way to live than this
2.2,Gun violence is absolute a publichealth issue. Good work  on your gun reform for a generation  itsastart,Editorial President Obamas Plan for Gun Reform
3.6,AZ Gov Jan Brewer changes her mind and will expand Medicaid  Medicaid,National Briefing | Southwest Arizona Governor Relents on Medicaid
4.6,Worth reading for the column excerpts Pauline Phillips Dear Abby Dies at 94,Pauline Phillips Flinty Adviser to Millions as Dear Abby Dies at 94
3,Myanmar s Fight With Armed Rebels Edges Toward China  burma kachin,Myanmar Fighting Edges Toward China
3.4,Truly a sad day. At least 90 killed in Brazil nightclub fire,Hundreds killed in Brazil nightclub fire
2.2,US inadvertently trained rebels French Strikes in Mali Supplant Caution of U.S.,French Jets Strike Deep Inside IslamistHeld Mali
3.4,Calorie bomb on the menu  will make eaters feel guilt after finish those meals,9 calorie bombs at restaurants
3.6,Facebook was the most popular mobile app in the United States in 2012,Facebooks mobile app takes top spot
4.6,An Alarm in the Offing on ClimateChange      ExtremeWeather globalwarming eco,An Alarm in the Offing on Climate Change
4,Syria Deadly airstrikes in Damascus,Syria Launches Deadly Airstrikes in Damascus Suburbs
1.8,Two of our favorite partners  and  have teamed to bring more music to your commute.,Ford Announces InCar Voice Commands for Amazons Cloud Music
3.6,Amazing you can play violent shooting games &nobody says anything but the NRA draws heat over new targetshooting game,NRA draws heat for shooting game
4,Worth Watching. "Set for Life" Documenting a Generations Fall.   work unemployment babyboomer,Our Generation Set for Life Documents Crisis Among Baby Boomers
4,Dreamliner fix Its not easy   this a big mess that is not easy.,787 Dreamliner fix Its not easy
4,NYT Editorial What We Donâ€™t Know Is Killing Us  research guns violence,Editorial What We Dont Know Is Killing Us
0,Think so They dont think so,President Hillary Clinton If she wants it
0.4,Pulitzerwinning poet Tracy K. Smiths Sunday routine,Poetry Puppets and Playgrounds
2.8,Position "eliminated". Hmm. I read "exterminated". Times Executive Is Leaving,Times Communications Executive Is Leaving
4.2,Mr. Drummond yep showing my age Conrad Bain Father on Diffrent Strokes Dies at 89,Conrad Bain Actor on Diffrent Strokes Dies at 89
3.8,Saudi Arabia defends maids execution,Saudis defend maids beheading
0.8,"Facebook has a lot of data but its very noisy data.",Fortunes of Facebook May Hinge on Searches
2,CNN Recent nightclub tragedies On Saturday a massive fire at the Kiss nightclub in southern Brazil killed at l ,Deadly blazes Nightclub tragedies in recent history
3.8,North Korea sendin them threats again,North Korea Issues Blunt New Threat to United States
4.2,Were all human No MORE DEATH Please Another Tibetan sets himself on fire dies to protest Chinese rule,Tibetan sets himself on fire to protest Chinese rule
3.6,CocaCola joining the fight on obesity,CocaCola weighs in on obesity fight
2,Prayers for Burt Reynolds,Burt Reynolds feeling better but still in ICU rep says
1.2,Taliban is plural but that is apparently too esoteric for CNN or any other journalists .,American Taliban wins right to group prayer
2.4,Saudi activists say they wont be silenced~~I hope they find a way to get their rights peacefully,Saudi activists say kingdom trying to silence them
4.6,When doctors dont listen what can you do,What to do when doctors dont listen
2.2,Jodie Foster would care more about Syria Launching Deadly Airstrikes in Damascus Suburbs,Syria Launches Deadly Airstrikes in Damascus Suburbs
0.8,Bending the Steakhouse Rules food eatingout,Restaurant Review Arlington Club on the Upper East Side
3,Excellent step with tricky legal issues.New York Lawmakers Reach Deal on New Gun Curbs  law cdnpoli,New York Legislators Hope for Speedy Vote on New Gun Laws
3.6,Anonymous threatens Justice Dept. Anonymous threatens Justice Dept,Hacktivist group threatens Justice Department
3.8,At least 245 killed in Brazil nightclub fire such a shame,Hundreds killed in Brazil nightclub fire
3.4,Internet addiction of the day What Happens When You Cast Lindsay Lohan in Your Movie,Here Is What Happens When You Cast Lindsay Lohan in Your Movie
1,Great piece by  in NYT showing China too has what McKinsey sees as a global educationtowork problem,Chinese Graduates Say No Thanks to Factory Jobs
2.2,On the virtues of procrastination This Was Supposed to Be My Column for New Years Day,Findings Positive Procrastination Not an Oxymoron
4,France Were not the pacifists you think we are   Mali,Why France is not pacifist nation
3.8,The Bizarre World of Online Relationships Image of Manti Teo Becomes a Puzzle as Theories Swirl,Image of Manti Teo Becomes Puzzle as Theories Swirl
3.8,Washingtons Economic Boom Financed by You  Real life "Hunger Games",Washingtons Economic Boom Financed by You
0.4,Finally confirmed  chapped lips are the first sign youve got Mad Cow disease.,Opinion Hypochondria An Inside Look
2.8,Swatch plays a big hand on $1B Harry Winston acqusition  get it big hand  iexplainmyjokes,Swatch to Buy Watch and Jewelry Business of Harry Winston for $750 Million
4.6,States get extension on healthexchange timetable  States Get Extra Time to Set Up Exchanges  ACA HCR,States Will Be Given Extra Time to Set Up Health Insurance Exchanges
2.4,"Live by the sword   " Sad and ironic. Producer of popular gunrelated videos shot,Producer of popular gunrelated videos found fatally shot
4.6,Kobe Bryant wife to call off divorce  yaayy lol.,Kobe Bryant and wife call off divorce
2.6,Excellent Obama accelerating troops withdrawal from Afghanistan several months ahead of schedule ,Obama Karzai to speed military transition
3.4,obit Vincent Sombrotto leader of 1970 strike that shut post offices across country til Nixon sent the National Guard,Vincent Sombrotto Who Led Postal Strike Dies at 89
3,So heartbreaking  At least 90 killed in Brazilian nightclub fire officials say. ,Hundreds killed in Brazil nightclub fire
3.6,More reason to review a more progressive prodomestic tax structure "Americas Productivity Climbs but Wages Stagnate",News Analysis Americas Productivity Climbs but Wages Stagnate
3.6,This is interesting "What We Donâ€™t Know Is Killing Us"  .,Editorial What We Dont Know Is Killing Us
2.6,When i first saw this sing guy on the subway i thought he needed an article. And NYT has delivered,In the Subways Geechee Dans Voice Stirs the Soul
3.4,Germany to Move 674 Tons of Gold from Downtown Manhattan to Frankfurt ,Germany to Repatriate Some of Its Gold Reserves
1.2,This just warmed my heart Ada Bryant and Robert Haire,Ada Bryant Robert Haire  Weddings
3.8,New York City Ties Doctors Income to Quality of Care,New York City Hospitals to Tie Doctors Performance Pay to Quality Measures
4.6,NY Times Dot Earth Blog Is Wild West Era for Fracking Coming to an End,Is Wild West Era for Gas Drilling Coming to an End
2.6,Children handcuffed 4 violating dress code MS fills school2prison pipeline reports  grantee .,Report Criticizes School Discipline Measures Used in Mississippi
1.6,Congratulations to Fruitvale and BloodBrother Sounds like Sundance had some powerful films this year.,The Carpetbagger Fruitvale Drama With Little Advance Buzz Wins at Sundance
3.8,Sleep perchance to dream And our memories not unseem MT  Brain ageing & SleepRelated Memory Decline ,Brain Aging Linked to SleepRelated Memory Decline
2.8,My PBK membership finally explained. Parents Financial Support May Not Help College Grades,Parents Financial Support Linked to College Grades
4.2,Tennis Sharapova takes on boys,Sharapova takes on Australian boys
1.6,FDA may find that poop is a drug. NYTimes When Pills Fail This er Option Provides a Cure,Disgusting Maybe but Treatment Works Study Finds
2.2,Only great things can happen at the cheese monger  In the Dairy Case Ripe Prose,Creative Cheesemongers Pen Clever Descriptions
2.8,Peter Likes DealBook Dell Shares Rise on News Company May Go Private,DealBook Dell Shares Surge After Report of Possible Buyout
4,Kaepernick Backs Harbaughs Gamble With Playoff Win,Kaepernick Responds to Harbaughs Gamble With Resounding Performance
3.8,Republican Governors Open New Front in Tax Debate Offering Bold Solutions,The Caucus Republican Governors Open New Front in Tax Debate
1.4,For the record I chopped my hair into "The Karlie" before Karlie ; ),The Karlie Is Turning Heads
1.2,Familiarize yourselves  NorthKorea,For the U.N. and North Korea Game On
3.6,New mutations discovered in melanoma  Useful in decoding how it develops.   cancer,New Mutations Discovered in Melanomas
4.4,Not so good news . NYTimes German Economy Shrank in Fourth Quarter,German Economy Probably Shrank in Fourth Quarter
4.4,U.N. agencies Stop the suffering in Syria  Again. Powerless.,U.N. Stop the suffering in Syria
1.8,Conservative writer Nicholas Kristof Guns are "an instrument not of protection but of escalation.",OpEd Columnist Lessons From Guns and a Goose
2.6,NYTimes Robot Makers Say Automation will create new and better jobs and not only delete jobs,Robot Makers Spread Global Gospel of Automation
4,New low for water levels in the Great Lakes Drought,Water brings new lows on Great Lakes
3,Britain to Auction 250 MHz for High Speed Mobile ,Britain Set to Join HighSpeed Mobile Party
3.4,NYTimes Apps and Other Digital Tools Lend a Hand ,Tool Kit Apps and Other Digital Tools Lend a Hand to New Mothers
2.2,Compared DNA from 6000 visceral leishmaniasis blood samples from India & Brazil shows similar variations.,Global Update A Genetic Link Found for Victims of Lethal Form of Leishmaniasis
4,So can we just pass the ERA now Pentagon Is Set to Lift Combat Ban for Women,Pentagon Lifting Ban on Women in Combat
3.2,Germany to Move 674 Tons of Gold  germany europe USA,Germany to Repatriate Some of Its Gold Reserves
4.2, Secret Service Dog falls to its Death, Secret Service dog falls to its death while on VP detail
4.4,NYTimes Security Firm Discovers CyberSpy Campaign,Bits Blog Security Firm Discovers Global Spy Campaign
1.8,Obama plan Tougher checks no assault weapons    from  guncontrol,GOP balks at gun control proposals
3.4,Ken Salazar leaving  to spend more time with his bolo ties.,Interiors Ken Salazar stepping down
3.2,Nike unveils Rory McIlroy as Tigers heir apparent. $200 mil deal Makes no business sense to me.,Nike unveils Rory Tigers heir apparent
3.6,Should babies be allowed to cry it out attachment parenting,Should babies just cry it out
4.4,Look of The Moment TaylorSwift,T Magazine Look of The Moment | Taylor Swift
3,The plight of the Atlanta Falcons,NFL Can Falcons turn it around
2,New York State Has Gun Control Deal With Focus on Mental Ills,New York Legislators Hope for Speedy Vote on New Gun Laws
2.8,Tribal Lessons The World Until Yesterday,The World Until Yesterday by Jared Diamond
3.8,So. Odd.  In his own words Manti Teo on his girlfriend and her death  now revealed to be a hoax ,In his own words Manti Teo on girlfriends death
3.4,J&J was aware of 40% failure rate in DePuy Hip Implants.,Maker Aware of 40% Failure in Hip Implant
2,Following Colorado marijuana legal decisions closely. Maybe some lessons for CA dispensaries mess,OpEd Columnist Colorados Marijuana Muddle
4.2,NY Times  A Sprint That Is Littered With Pitfalls,Slap Shot N.H.L.s Sprint of a Season Includes Pitfalls
4.2,Returning Zing to Dutch Cooking  Lets go Dutch Gartine,Putting Spice Into Dutch Cooking
4,Obama must prove himself on Palestine NYTimes Netanyahu Issues Veiled Barb in Response to Criticism From Obama,Netanyahu Issues Veiled Response to Criticism From Obama
4.2,America the Saudi Arabia of tomorrow  Good or Bad,America Saudi Arabia of tomorrow
0,It hurts my stomach.,9 calorie bombs at restaurants
2.6,Do you need a "Stop Day",The importance of a stop day
4,What happened in Australia   I Went After Guns. Obama Can Too.,OpEd Contributor Australia Banned Assault Weapons. America Can Too.
2.4,Will President Obamas gun proposals work  Recalling Pain Mayors Urge Bills Passage,Recalling Pain of Guns Toll Mayors Urge Bills Passage
4.6,NYT Books  Books of The Times The River Swimmer a pair of Novellas by Jim Harrison The River Swimmer Ji ,Books of The Times The River Swimmer Two Novellas by Jim Harrison
3.8,Baby boomers getting tech savvy,Grandparents the new techies
0.6,v  Kerry says Iran must come clean on nuclear program,Kerry confirmation hearing
4.2,Woah. Fox News did not renew Sarah Palins contract which just expired.,Fox News and Sarah Palin Part Ways
4.2,Awe  one of the original "bloggers" passes away. Pauline Phillips Adviser to Millions as Dear Abby Dies at 94,Pauline Phillips Flinty Adviser to Millions as Dear Abby Dies at 94
4.6,Dont get any ideas . U.S. programmer outsources own job to China surfs cat videos ,U.S. man outsources job to China surfs cat videos
2,Filmmaker Jason da Silva on the challenges of navigating NY with MS The Long Wait  sundance,OpDocs The Long Wait
0,This thing reads like one of those prewritten death articles. Creepy.,Burt Reynolds in intensive care in Florida hospital after flu rep says
4,UnfairRT  Readers sue Lance Armstrong for book refund after doping admission  What do you think,Readers sue Armstrong for book refund
2.8,200 dead in night club fire,Hundreds killed in Brazil nightclub fire
4.6,NYT Pentagon Lifts Ban on Women Serving in Combat Roles,Pentagon Lifting Ban on Women in Combat
1.2,"An earlier version of this review misidentified the torso that was featured when Picnic opened on Broadway ",Theater Review Picnic at American Airlines Theater
0.25,Heres to two more years of Reince Penis jokes.,Priebus Reelected to Lead Republican National Committee
3,New York passes gun control bill Interesting I like that they actually focused on mental health.,New York to pass first gun control bill since Newtown shooting
5,Miss Montana has a great story to tell.  autism,Miss Montana on her autism
5,CGG  30 die when bus plunges off cliff in Nepal ,30 killed as bus plunges off cliff in Nepal
2.4,A surprisingly refreshing view from old Johnny Howard. I Went After Guns. Obama Can Too.,OpEd Contributor Australia Banned Assault Weapons. America Can Too.
3.2, In todays Gun Challenge editorial Obama puts politics aside and takes action on gun reform. ",Editorial President Obamas Plan for Gun Reform
3.6,In N.A.A.C.P. Industry Gets Ally Against Soda Ban  Im not one of them,In Court N.A.A.C.P. Adds Voice Against Bloombergs Soda Ban
4.4,And they never wondr WHY U.S gets it wrong on Egypt again ,Opinion U.S gets it wrong on Egypt again
4.4,Hurricaneflooded cars ruined by Sandy lure unwitting buyers,HurricaneFlooded Cars Lure Unwitting Buyers
0,In Oz we love to scoff at US politics gun laws etc.  Worth remembering US population debate years ahead of ours.,Obama Will Seek Citizenship Path in One Fast Push
3.8,Paging Orval Faubus "Oregon sheriff Unconstitutional gun control laws wont be enforced"  guncontrol newtown,Sheriff wont enforce unconstitutional gun laws
2,Golden Globes How did Tina Fey and Amy Poehler do as hosts,Golden Globes kick off Hollywood award season
4.4,In Turkey mourners protest killings of Kurds,Mourners in Turkey protest killings of Kurdish activists
3.6,Chim A Vivid Retrospective of Post War Europe  photography,Chim A Vivid Retrospective of Europe
0,isnt it sad that events like the massacre in Conneticut have to happen for us to notice it challenges,An Added Mission for Arizona Sheriffs Immigration Posse School Patrols
2.8,Video Romes colorful Collosseum,Romes Colosseum gives up secrets
4.6,What the what  Voice of Charlie Brown arrested charged. ,Good grief Charlie Brown actor charged
3.4,Here we go again  A man says hes certain he knows where Hoffa is buried.,Man convicted in mob crimes says hes certain where Hoffa is buried
3.6,Man held after subway attack in Philadelphia,Man held after woman thrown onto subway tracks in Philadelphia
1.4,Even thought Ive downloaded Google maps for iPhone Im still using Apples built in maps. Theyre easier to use.,Google Gains From Creating Apps for the Opposition
2.4,Buried Memories talks on   a never before told true story of survival memory and recovery.,"Buried Memories" of Katie Beers
4,The Gulfs green buildings  Amman CNN,Coolest green buildings in the Gulf
4,NYTimes N.R.A. Attacks Obama & Daughters in Video  repugnant.,N.R.A. Attacks Obama in Video
4.4,Awful.  More than 800 NYC rape cases to be reviewed for forensic mistakes ",More than 800 NYC rape cases reviewed for mistakes
1,Here is my question is lance being punished for cheating or for cheating better,Public lashes out at Armstrong
2.8,The reason Kindles exist The Onions tossing out an ebook biography of Biden,ArtsBeat Biden Getting an Autobiography From The Onion (Whether He Wants It or Not)
3.4,Info Miamiâ€™s Design District Looks for an Upgrade A proposed $312 million renovation is expected to transform t ,Miamis Design District Looks for an Upgrade
4,Broken limbs torn lives in northern Mali  Islamism Sharia,Broken limbs torn lives in Mali
4.4,Journalists take a hint from Andrew Sullivan ,Journalists learn from blogger Sullivan
0,This sweet love story made me weepy. No really,The Race Grows Sweeter Near Its Final Lap
3,North Korea beats war drums ,N. Korea makes new threats against U.S.
4.2,Russian influence on rise in Israel,Rise of Russians in Israel
4,Life under Islamist Militants  Broken limbs torn lives in northern Mali,Broken limbs torn lives in Mali
4.4,Good Grief indeed Charlie Brown gets arrested,Good grief Charlie Brown actor charged
3.8,  Death toll climbs to 220 in Brazil nightclub fire official says.  incredibly sad horrifying,Hundreds killed in Brazil nightclub fire
3.2,Sad but brings back memories of inkstained hands reading her column. What a life. NYTimes Dear Abby Dies at 94,Pauline Phillips Flinty Adviser to Millions as Dear Abby Dies at 94
3,In Desert Outposts Border Agents Keep Watch  elpaso elchuco lafrontera mexico,At Remote Outposts Border Agents Sift for Clues
2,The closest Ill every get to Hollywood GreenFashion on the Red Carpet,IHT Rendezvous Green Fashion on the Red Carpet
4,Again NYTimes 787 Jet Leaks Fuel During Safety Test,Japan Airlines Says 787 Jet Leaked Fuel During Safety Test
0.6,Some Daily on Daily crime right here. MT   on filib. reformunintelligible,Bipartisan Filibuster Deal Is Taking Shape in Senate
3.8,North Koreas Missile Movements Worry U.S.   THOM SHANKER and DAVID E. SANGER,Movement of Missiles by North Korea Worries U.S.
3.8,We are excited to see what happens South Park Creators Start "Important Studios"  southpark,South Park Creators to Start Company Important Studios
3.6,CNN Helicopter crash rains debris on London street,Helicopter crashes in London rush hour
4.2,Online prodigy Aaron Swartz commits suicide God why ,Online activist Aaron Swartz commits suicide
2.6,Is Studio 54 like the 60s if u can remember it u werent really there Selling Some Old Sparkle Fr Studio 54,Studio 54 Memorabilia to be Sold at Auction
2,The climate is changing not in the distant future but now,An Alarm in the Offing on Climate Change
2.6,Extreme weather expect the unexpected,Extreme Weather Grows in Frequency and Intensity Around World
2.4,Ada Bryant and Robert Haire  You go girl,Ada Bryant Robert Haire  Weddings
4.2,NYT on Aaron Swartz A Data Crusader a Defendant and Now a Cause,Aaron Swartz a Data Crusader and Now a Cause
0.8,Ignore the headline more than 220 click on the link for updated via CNN. Were seeing the numbers climb higher ,Hundreds killed in Brazil nightclub fire
0,Im regretful that it has to come to this for some.,Tibetan sets himself on fire to protest Chinese rule
3.8,scaryyyyy Questioning Greek Growth,WORLD Green Questions About Greek Growth
3.6,Tragic news A Data Crusader a Defendant and Now a Cause,Aaron Swartz a Data Crusader and Now a Cause
4.2,You better believe in climate change its real @ Federal Report Sees Big U.S. Impacts from Global Warming,Dot Earth Blog Draft Federal Report Sees Big U.S. Impacts from Global Warming
2.8, Popular gun nut* shot dead in own home NRA thinks he needed more guns,Producer of popular gunrelated videos found fatally shot
3.6,This is so sad  245 people killed in Brazil nightclub fire police tell state news agency. ,Hundreds killed in Brazil nightclub fire
3.4,Former Australian PM says "I Went After Guns. Obama Can Too.",OpEd Contributor Australia Banned Assault Weapons. America Can Too.
4.25,NYTimes Diderot an American Exemplar Bien SÃ»r A free thinker,OpEd Contributor Diderot an American Exemplar Bien Sr
4.6,Good grief Charlie Brown voice actor charged   law legal,Good grief Charlie Brown actor charged
3.4,SL Putting a Number on Smokings Toll,Well Long Term Effects on Life Expectancy From Smoking
2.6,Is it a coincidence the most Miss Americas come from the South,OpEd Contributor Racial Politics and Miss America
3.4,Britain teeters toward tripledip recession  CNNMoney,Britain risks new recession
1.8,Million Man March; promises to bring change in bleeding Pakistan   TahirulQadri 14Jan,Million Man March promises to paralyze Pakistani capital
4.4,America the Saudi Arabia of tomorrow   Good Luck Saudi ),America Saudi Arabia of tomorrow
3,French Twitter case involving the identities behind racist comments is only latest skirmish over Internet speech,Twitter Ordered to Help Reveal Sources of AntiSemitic Posts
0.6,"Not all smoothies are created equal",9 calorie bombs at restaurants
3.2,US Hospitals Turn Away Visitors With Flu Symptoms  NYT,Hospitals Place Restrictions on Visitors of Flu Patients
3.6,NYTimes 232 Dead as Fire Sweeps Through Nightclub in Brazil (locked security doors and band pyrotechnics),Scores Dead as Fire Sweeps Through Nightclub in Brazil
3.8,va  Supreme Court Hears Argument on the F.C.C.s Authority to Rule on Cellphone Towers,Supreme Court Hears Argument on Cellphone Towers
1.4,IHT Xiao Shu former journalist at Southern Weekend gives insider take on iron grip of censorship.,OpEd Contributor Dim Hopes for a Free Press in China
2.6,Wtf it happened again. Police 7 men gang rape bus passenger in India ,Six arrested over new gangrape on bus
3.8,Youth The  wants to know "Does Facebook Ever Make You Feel LOUSY" Share HERE,The Learning Network Blog Student Opinion | Does Facebook Ever Make You Feel Bad
3,Da CNN  At least 245 killed in Brazil nightclub fire Update,Hundreds killed in Brazil nightclub fire
4.8,Horse meat discovered in hamburgers meat in UK and Ireland,Horsemeat found in hamburgers in Britain and Ireland
2.8,Dear Abby Dies at 94 . Dear Abby Are birth control pills deductible Bertie Dear Bertie Only if they dont work.,Pauline Phillips Flinty Adviser to Millions as Dear Abby Dies at 94
3.8,Jared Diamond book worth reading "The World Until Yesterday",The World Until Yesterday by Jared Diamond
4.4,Socialmedia makes folks more honest says Cornell prof Facebook LinkedIn,Social media make us more honest
3.2,Worlds best whitewater rafting  geekkenya,Worlds best place for water rafting
3.4,Casey Anthony has two of her four convictions thrown out.,Casey Anthony convictions thrown out
0.75,Workers being seen as just a cost   we all build this society and will get what we pay for,Opinionator | The Great Divide The Rise of the Permanent Temp Economy
3.8,on the need for humanity in online learning.,Online courses need human element to educate
4,Weird just the voice  Voice of Charlie Brown arrested charged. ",Good grief Charlie Brown actor charged
2.6,Opinionator Misconceptions(Linda Greenhouse),Opinionator Misconceptions About Roe v. Wade
4.4,Frum U.S. gun problem is not a race problem (must read),Americas gun problem is not a race problem
0.2,Free speech is a basic democratic right except in France Twitter,Twitter Ordered to Help Reveal Sources of AntiSemitic Posts
2.8,Goed initiatief inkomen op kwaliteit en niet op verrichtingenNew York City Ties Doctors Income to Quality of Care,New York City Hospitals to Tie Doctors Performance Pay to Quality Measures
3,Art meets technology before tragedy photog Taryn Simon & computer genius Aaron Swartz create a project  via NY Times,The 6th Floor Blog Taryn Simon and Aaron Swartzs Experiment with Images
4,Wow what a story In the Subways a Voice to Stir the Soul,In the Subways Geechee Dans Voice Stirs the Soul
3.4,Microsofts Windows 8 sales are OK not great,Microsofts Windows 8 sales are big  just not big enough
0.2,Death is bad enough,Your Money A Shocking Death a Financial Lesson and Help for Others
3.8,"Husbands of Hollywood"genderflipped satire of reality TV & subtle commentary on limited options for black actors.,Critics Notebook Real Husbands of Hollywood and Lack of Black Male Leads
4,setting the bar good move "WalMart Plans to Hire Any Veteran Who Wants a Job",WalMart to Announce Extensive Plan to Hire Veterans
4.2,NYTimes Apple May Be Big but It Isnâ€™t a Bellwether (my column),Strategies Apple Stock Isnt a Bellwether Even if Its Big
2.8,Schrecklich ðŸ˜¢  At least 90 killed in Brazil nightclub fire ,Hundreds killed in Brazil nightclub fire
4,Fortunes of Facebook may hinge on search  is this the Big Reveal,Fortunes of Facebook May Hinge on Searches
3.2,What is the price of insulting the king in Thailand 10 years in prison for activist Somyot Pruksakasemsuk,Activist gets 10 years for king insult
2.2,Sheriff I wont enforce Obamas gun laws Hes 1 black guy they r US laws & calm the fuck down overparanoia&racism,Sheriff wont enforce unconstitutional gun laws
2.2,Mining Electronic Records for Health Data May Greatly Benefit Medical Research Not Necessarily Reduce Costs of Care,Mining Electronic Records for Revealing Health Data
4.6,NYTimes Mad Men Set to Return on April 7. Excellent news.,ArtsBeat Mad Men Set to Return on April 7
4.6,Greek FM Small chance Greece leaves EU,Greek FM Small chance of euro exit
1.4,Dad its only my books I am friends with.   Malala womenonthefrontline,The front lines in fight for women
3.8,lovely tribute her responses to readers qtns priceless. Read bacon frying and you could move. Dear Abby Dies at 94,Pauline Phillips Flinty Adviser to Millions as Dear Abby Dies at 94
4.6,Which country has most economic freedom  economy economics,Country with freest economy is 
3.6,4hour work guru on China outsourcer Bad karma  CNN International,4hour work guru on outsourcer
4.6,Part 4 Answers to Your Questions About the FAFSA finaid scchat,The Choice Blog Part 4 Answers to Your Questions About the Fafsa
1.75,Chilling fact that the biggest safety concern for women serving in military is risk of sexual attack from comrades.,OpEd Columnist Military Women and the Front Lines
4,Finally a little RESPECT for Vets WalMart Plans to Hire Any Veteran Who Wants a Job,WalMart to Announce Extensive Plan to Hire Veterans
3, Breaking 250 killed 200 more injured in Brazil nightclub inferno. " Crazy,Hundreds killed in Brazil nightclub fire
3.2,"Pray for Me". Defense Secretary Panetta in Audience With Pope,Defense Secretary Leon Panetta Meets Pope
4.4,John Cale in Paris and Along the Borderline.  music,Q. and A. With John Cale in Paris and Along the Borderline
2.8,An rising star on Londons thespian scene tells his story of  Being Bin Laden,OpEd Contributor I Played Osama bin Laden in Zero Dark Thirty
2.6,Casting Lindsay Lohan careening debt and porn stars. What could go wrong What Happens When You Hire LL.,Here Is What Happens When You Cast Lindsay Lohan in Your Movie
4,Saudis Monsters try to defend Sri Lankan maids execution  p2 tcot,Saudis defend maids beheading
3.8,HE nvr gives vision wo provision & hell use whoevr2bring itWinfreys LowRated Cable Channel Is Poised 2 Break Through,Winfreys LowRated Cable Channel Is Poised to Break Through
4.2,A MUST READ by  How Turkey Can Make Peace With the Kurds,OpEd Contributor How Turkey Can Make Peace With the Kurds
2.25,Lovely piece in the NYT on a 40year marriage and how their gay sons struggle became a unifier,Making It Last Conservative Meets Liberal and 40Year Marriage Begins
1.6,What exactly is going on in Mali  @,French Say Airstrikes in Mali Blocked Rebel Advance
3.4,Gabby and Mark The new Bradys of gun control TGDN LIBS PLAY DIRTY AS NORM,The new Bradys of gun control
4.6,NRAs video game smacks of hypocrisy NRA guncontrol,NRAs video game hypocrisy
4.6,Frum US. gun problem is not a race problem,Americas gun problem is not a race problem
4.2,All from a kid starting an online petition. NYTimes PepsiCo Will Halt Use of Additive in Gatorade,Gatorade Listens to a Teen And Changes Its Formula
3.6,Al Pacino to play Joe Paterno in Brian De Palmas tentatively entitled film "Happy Valley"  sportsbiz,Pacino to Play Paterno in Film
3.6,Source say at least 150  At least 90 killed in Brazilian nightclub fire officials say. ",Hundreds killed in Brazil nightclub fire
3.8,NYTimes Debunking Darwin. Was He Wrong About Dating sex gender,Opinion Darwin Was Wrong About Dating
3.6,From the She Owns It business group  More Thoughts on Growing Your Business  and Helping Employees,Youre the Boss Blog More Thoughts on Growing Your Business  and Helping Employees
0,Well at least we know the slides work now.,Boeing 787s Are Grounded by Japanese Airlines
3.4,NYTimes What We Donâ€™t Know Is Killing Us Couldnt agree more e.g. research on IPV homicides & guns is critical.,Editorial What We Dont Know Is Killing Us
2.6,BHO Gun Proposal 2 Look Beyond Mass Shootings in taking steps to completely disarm Americans so that only Elites prtctd,Obama Gun Proposal to Look Beyond Mass Shootings
3,The deadly toll of cluster bombs in Syria,Gruesome toll of cluster bombs
4.4, pay it forward  Note on a napkin This meal is on us ,Note on napkin This meal is on us
1,Jacqui Weaver tells the NY Times I do have friends in Australia who now refer to me as Hollywood Jack,Jacki Weaver and the Lord of Greenwich Village
1.8,Flowers in winter  Camellias are some of my favorite prerennials.,In the Garden Camellias Ready for a Cold Snap
4.2,Go Obama. Obama Calls for Broad Action on Guns,Obama to Ask Congress to Toughen Gun Laws
4.2,Is Pakistan becoming "SouthAsias Dreamliner"  Official refuses order to arrest Prime Minister Ashraf,Pakistani Official Refuses Order to Arrest Prime Minister
4,Google Gains From Creating Apps for the iPhone HealthIT hcsm,Google Gains From Creating Apps for the Opposition
0,I was definitely spending it on obscure sheet music and concert tickest. MisspentYouth,Big City New Generation Confronts Unaffordable Luxury of Food
1,A Generation Gap Not on This Web Site (Harvard Business School),A 20Somethings Web Site for Women Over 40
1.6,Eddie Huang in the NY Times. i vibe this dude so hard,Eddie Huang Defies Description
3.8,Rangel More equal military Bring back draft deployment usaf military,A more equal military Bring back draft
3.4,France confronts Mali jihadists,France vows to halt Mali jihadists
3,The amount of organizations and clubs at college is overwhelming Choose carefully before dedicating your time,The Choice Blog Lessons From a College Student Finding Your Fit on Campus
3,Lol errm "test" on the U.S. of A. damn North Korea says new nuclear test will be part of fight against U.S. ,N. Korea makes new threats against U.S.
3.6,Morsi s Slurs Against Jews Stir Concern  Does any one in Obama s administration know how to read English,Morsis Slurs Against Jews Stir Concern
4,"Vine is Twitters attempt to be the Instagram of Video" Form a nerdier sentence. Dont try Its Impossible,Vine is Twitters attempt to become the Instagram of video
4,Mark Sanford the exGovernor of South Carolina & "Hiking the Appalachian Trail" to Run for Congress,Sanford ExGovernor of South Carolina to Run for Congress
3.2,Where to Go in 2013 by    offers insightful explorations to most of these,The 46 Places to Go in 2013
1.6,peter is not in the top ten but mo bertie and gus are "The top baby names of 2013",Parenting.coms top baby names
4,NYTimes Queens School Is Locked Down After Gun Is Found in 7YearOlds Backpack  is there no end,Gun Found in 7YearOlds Backpack at Queens School
4.6,What choo talkin bout Mr. D  RIP Conrad Bain Father on Diffrent Strokes Dies at 89,Conrad Bain Actor on Diffrent Strokes Dies at 89
4.8,Facebook unveils new search tool,Bits Blog Facebook Unveils a New Search Tool
2.2,GunReform for a Generation,Editorial President Obamas Plan for Gun Reform
3.8,Is it me or is the main ingredient in Coke sugar In Ads Coke Confronts Sodas Link to Obesity,Coke TV Ads Confront Obesity and Sodas Role
4.2,Excellent analysis of the housing market recovery  Housing Offers Hope of Strength in the Economy,High & Low Finance Signs of a Housing Recovery Point to a Stronger Economy
3.6,Williams Starts Fast but Pace Suits Rockets,Williams Starts Strong but Nets Dont Follow in Loss to Rockets
4.8,QUEBRA TUDO J.J. Abrams to Direct Next â€˜Star Warsâ€™ Movie,J.J. Abrams to Direct Next Star Wars Movie
2.8,WOW  announcing plan to hire EVERY veteran who wants a job  w a few conditions. They anticipate 100k+ hires,WalMart to Announce Extensive Plan to Hire Veterans
3.6,In Britain Basketball Can Be a Tough SellWHY WOULD BRITS GET EXCITED BOUT PRO BBTHEY GOT "FOOTBALL"2 KEEP THEM BORED.,In Britain Basketball Is Somewhat of a Tough Sell
2.8,At least 90 killed in Brazil nightclub fire " Kropp left that country in the nick of time.,Hundreds killed in Brazil nightclub fire
3.4,dutch automat  Returning Zing to Dutch Cooking,Putting Spice Into Dutch Cooking
3,Man held after subway attack in Philadelphia  omg,Man held after woman thrown onto subway tracks in Philadelphia
1,Who Decides the Laws of War  It belongs in civilian courts.,News Analysis Military Tribunals and International War Crimes
4.4,Former Alaska Gov Sarah Palin is no long a commentator for Fox News,Fox News and Sarah Palin Part Ways
2.4,New York lawmakers agreed on changes to gun laws Ills,New York Legislators Hope for Speedy Vote on New Gun Laws
4,Lance Armstrong [Finally] Admits Doping Says He Will Testify,Armstrong Admits Doping and Says He Will Testify Against Cycling Officials
3.8,Hong Kong takes the Internet speed title with 54.1 Mbps.,Hong Kong takes Internet speed title
1.2,Where is justice They ran him over because he was black,Victims son It was a hate crime
3,reflects on doctors who take time off & then start seeing patients again.,Doctor and Patient When the Doctor Returns to Doctoring
3.8,Sheen wants to return to 2.5 Men but has his past image ruined that coePR205,Sheen wants to return to Two and a Half Men
4.2,Good Read Challenges for Women in India,Challenges of being woman in India
4,NYTimes Richard G. Stern Writers Writer Dies at 84 Big loss,Richard G. Stern a Writers Writer Is Dead at 84
0,Fantastic read from  on imprtnce of narratives " stories not algorithms give order to our hectic world.",Opinion TV The Thinking Persons Entertainment of Choice
4,"2012 The Year of Extreme Weather"   ClimateChange Drought NationalClimateAssessment GlobalChangeResearch,IHT Rendezvous 2012 The Year of Extreme Weather
3,La vision amricaine sur M.Kaspersky est peu flatteuse Security Firm Discovers CyberSpy Campaign,Bits Blog Security Firm Discovers Global Spy Campaign
3.8,Sweet sweet story. NYTimes A Dolls Magic Free to Renew,A Dolls Magic Free to Renew
4.6,A New Housing Boom Donâ€™t Count on It  By ROBERT J. SHILLER ,A New Housing Boom Dont Count on It
3.2," (UK fave) "Mate why dont skip killing people night Its too cold." NYC murderers in last 9 days,Cold Wave Cut Murders in New York City Significantly
3.8,Take that Texas. White House Rejects Petitions to Secede but Texans Fight On,Texas Secession Movement Unbowed by White House Rejection
1.4,No Deal on Teachers Union Evaluations; NYC Risks Losing $450 Million,New York City Talks on Teacher Evaluations
4.2,Interesting perspective  NYTimes A New Housing Boom Donâ€™t Count on It,A New Housing Boom Dont Count on It
3.75,Battle behind Chinas Firewall,Working behind Chinas Great Firewall
3.6,NYTimes Analysis of Armstrongs Interview With Winfrey its shame (but we know it) congrutalionlance,The Lede Blog Live Updates on Armstrongs Oprah Interview
2.8,Too many s*tty men in India another gang rape,Six arrested over new gangrape on bus
4.2,Vodka is saving lives Well a puppys life ,Booze saves puppys life
3,jl NYT U.S. Military Stops Sending Some Detainees to Afghan Custody  p2 topprog,U.S. Military Stops Sending Detainees to Some Afghan Prisons on Rights Fears
4,Loving the street style from the Couture in Paris Fashion,T Magazine Street Style from the Couture in Paris
3.2,asked many people (including yours truly) if LanceArmstrong deserves another chance. Interesting views,Give Lance another chance
1.2,Travel photos that you wish you had taken ,Todays photo Thai temple
3.2,Pentagon to lift combat ban for women  How about banning combat for men,Pentagon Lifting Ban on Women in Combat
3.8,Doing Good (and Burnishing Images Too)  celebrity charity,The Carpetbagger Doing Good (and Burnishing Images Too)
3.6,Iran Currency Falls Further on U.S PRESSURE Over Banks transactions,Iran Currency Falls Further on Concerns Over Bank
2,Kitty Cams study found that four of the cats were twotiming their owners and more in this cat story.,Well Pets Holly the Cats Incredible Journey
1.6,Union membership falls to 97year low 11.3%. People will still find ways to blame them for everything.,Union Membership Drops Despite Job Growth
1.8,Who spends so much money on food Thats so retarded ) The Unaffordable Luxury of Food,Big City New Generation Confronts Unaffordable Luxury of Food
3.25,Sent from the CNN App for Android At least 245 killed in Brazil nightclub fire,Hundreds killed in Brazil nightclub fire
3.2,Google Gains From Creating Apps for iPhone. Google Maps is 1 App.,Google Gains From Creating Apps for the Opposition
3.4,Get it together Sun (Oracle) Homeland Security warns users to disable Java. CyberSecurity,Disruptions U.S. Agency Warns of Java Software Problem
3.4,unreal  If you have not heard of the acid attack on the Bolshoi director. ,Acid attack on Russia ballet director
3.2,Tragic. My thoughts and prayers go out to all "At least 220 killed in Brazil nightclub fire",Hundreds killed in Brazil nightclub fire
3.8,Potentially explosive legal battle Catholic hospital argues fetus not a person,Catholic hospitals lawyers argue fetus not a person
4,Kyle Stanley Gained from Pain of Squandered Lead at Torrey Pins Kyle Stanley this week is back at Torrey Pines ,Kyle Stanley Gained from Pain of Squandered Lead at Torrey Pines
2.2,Scarcity and Financial DecisionMaking.,Hanging On In Debt and Digging Deeper to Find Relief
3.6,Holy crap ( "2 killed as helicopter crashes into crane in central London",Helicopter crashes in London rush hour
3.2,U.S. singlemalt whiskey has arrived,American SingleMalt Whiskeys Serve Notice
3,Allergybullying Apparently this is a real problem.,Allergy bullying When food is a weapon
3.6,World awaits Oprahs Armstrong interview not me Im not watching,World awaits Oprahs Lance Armstrong interview  but will it change anything
0,Homicide 2 cause of death in 1524yrolds in US 4 out of 5 of these deaths from guns,America flunks its health exam
1.8,A Library doll is loaned out to children,A Dolls Magic Free to Renew
4.4,Senate holds key to fixing Washington    thanks for that insight Ari p2 tcot,Senate key to fixing Washington
3,Cuba restricts travel for skilled people,Cuba limits travel for athletes workers
4,what is driving our growth in government spending facts,What Is Driving Growth in Government Spending
3.8,Its a start Kudos to this kid PepsiCo Will Halt Use of Additive in Gatorade,Gatorade Listens to a Teen And Changes Its Formula
0.4,Obamabacked gun bills a long shot. "This is ONE issue that me and the president happen to agree on.",Reform is a long shot in current Congress
3.6,Beyond the medias coverage of her emotions Clinton put out good info Five things we learned from Benghazi hearings,5 things we learned from Benghazi hearings
4.2,2France Were not the pacifists you think,Why France is not pacifist nation
3,Change the rules = Prez Romney  Electoral College Changes Would Pose Danger 4 Democrats ,FiveThirtyEight Electoral College Changes Would Pose Danger for Democrats
0.6,As Seen on TV ~ Black and Famous but Out to Pasture,Critics Notebook Real Husbands of Hollywood and Lack of Black Male Leads
2, Report 650 hostages freed by Algeria forces,Fear confusion in Algerian hostage crisis
4.2,Pray theyll stay together for the right reasons  Kobe Bryant wife calling off divorce ,Kobe Bryant and wife call off divorce
4.2,Harrowing stories Broken limbs torn lives in northern Mali,Broken limbs torn lives in Mali
4.8,NHL Players Begin Voting on Labor Deal; Approval Expected by Saturday  ABASAL Antitrust,Slap Shot N.H.L. Players Begin Voting on Labor Deal; Approval Expected by Saturday
1,Over 50 and Under No Illusions  Over 50 Invent yourself everyday,How 5 Older Workers Saw a Chance to Remake Their Careers
0.6,The power of user reviews  wielded for good or evil NYTimes Swarming a Book Online,A Casualty on the Battlefield of Amazons Partisan Book Reviews
4.6,Cool stuff 6 trends we saw at CES 2013 ,6 trends from CES 2013
3.6,At least 233 dead in Brazilian nightclub fire. (,Hundreds killed in Brazil nightclub fire
3.8,So sad news  245 people killed in Brazil nightclub fire.,Hundreds killed in Brazil nightclub fire
2,Ouch possibly  NYTimes Japanâ€™s Business Culture Hovers Over Boeingâ€™s Battery Choice ,Common Sense Selection of the Boeing 787s Battery Maker Raises Questions
3.4,What a loss of a great & inspirational mind Internet Activist a Creator of RSS Is Dead at 26 Apparently a Suicide,Aaron Swartz Internet Activist Dies at 26
3,Its Jail Time Charlie Brown,Good grief Charlie Brown actor charged
4.2,At long last the truth  Armstrong Admits Doping and Says He Will Testify,Armstrong Admits Doping and Says He Will Testify Against Cycling Officials
4.2,I am calling BS NYTimes Morsi Says His Slurs of Jews Were Taken Out of Context,Morsi Says Slurs of Jews Were Taken Out of Context
1.2,If youre a skier or snowboarder youll dig these On Snowy Slopes Fingers Glide Down the Touch Screen.,App Smart Apps Helps Skiers Get More Out of the Slopes  App Smart
2.4,David Gergen says Obamas 2nd inaugural will deepen division.  DidntSeeItComing,Was Obamas historic speech divisive
3,Please Read s  piece on the gruesome toll of deadly cluster bombs in Syria,Gruesome toll of cluster bombs
3.6,CSIS388_Dave Facebook disrupting online dating,How Facebooks Graph Search could disrupt online dating
4.2,U.S. steps up involvement in Mallpppppjpplpp,U.S. steps up involvement in Mali
1.8,I Went After Guns. Obama Can Too.  One of the only things I would agree with Howard on.,OpEd Contributor Australia Banned Assault Weapons. America Can Too.
3.4,So Wang Lijun did build a surveillance network.  Chinese Party and Business Officials Fired in Sex Scandal,Chinese Officials Fired Over Sex Scandal
4,NYTimes Sheâ€™s (Rarely) the Boss smart as usual,OpEd Columnist Shes (Rarely) the Boss
3.4,Wow At least 245 killed in Brazil nightclub fire Update ",Hundreds killed in Brazil nightclub fire
4.6,Hot Luxury news Japanese airlines suspend Dreamliner flights after emergency land  see more,Japanese airlines suspend Dreamliner flights after emergency landing
0,Everyone should read s CNN column from today,Americas gun problem is not a race problem
4,BREAKING Police clash with protesters calling for dissolution of Pakistans government ,Police protesters clash in Pakistan
1.2,Mubarak goes to jail,Egypts Hosni Mubarak faces retrial
3.6,Honestly where are peoples rights being ruined in Obamas Gun Control Proposal,Whats in Obamas Gun Control Proposal
4.2,This is odd tsk  Catholic hospital argues fetus not a person,Catholic hospitals lawyers argue fetus not a person
2,Great to have  in the Press Pool to discuss his piece on the Presidents push for gun control.,Biden Meets With House Democrats on GunViolence Proposals
3.2,The classic American fame and blame game. The Point of Lance,OpEd Columnist The Point of Lance Armstrong
2.4,Djokovic sets sights on Paris party,Djokovic 3 Aussie wins in a row
4,Pakistanâ€™s Premier Intervenes in Fire Inquiry,Pakistans Ashraf Intervenes in Fatal Fire Investigation
4.4,Kinship care & siblings After FosterCare Yrs a Woman Becomes a Role Model for Her Sisters,The Neediest Cases After Foster Care Becoming a Role Model for Her Sisters
0,Looks like we could get something right,GOP balks at gun control proposals
4,You should read this The Lifting of a Veil Discreetly,The TV Watch Jodie Foster Lifts a Veil at Golden Globes
3.2,Interesting Piece Being Bin Laden  films zerodarkthirty,OpEd Contributor I Played Osama bin Laden in Zero Dark Thirty
4.2,U ds boi ehn Piers slams guest over AR15s ",Piers guest clash over AR15s
4.8,Bad tweet (news) of the day For Rape Victims in IndiaPolice r Often Part of Problem reports ",For Rape Victims in India Police Are Often Part of the Problem
0,These Law Enforcers Will Stop at Nothing,Movie Review Gangster Squad With Sean Penn Ryan Gosling and Emma Stone
2.4,Populist without a backbone elected by popular vote supported by heavy media campaign Zeman CzechRepublic,Former Prime Minister Is Elected President of Czech Republic
4,Artley Getting 10 million Twitter followers,How to get 10 million followers on Twitter
2.8,hmmm shes filing for bankruptcy ,Casey Anthony files for bankruptcy
4,Mali Need Not Be Frances Afghanistan,IHT Rendezvous Mali Need Not Be Frances Afghanistan
1,War on Evil War on Sociopaths Banning guns sounds like it will work a lot better than that War on Drugs stuff.,Obama Gun Proposal to Look Beyond Mass Shootings
1.2,be safe. ive heard on the news about chinas air pollution that is terrible,China Allows Media to Report Alarming Air Pollution Crisis
4.4,A Heroic Doctor Returns to Congo,Doctor Returns to Congo and Is Hailed as a Hero
3.6,NYTimes D. Brainerd Holmes a Leader in Space Race Dies at 91,D. Brainerd Holmes Top NASA Official Dies at 91
3.8,179 republicans vote no   House Approves $50.7 Billion in Emergency Aid for Sandy Victims,House Approves $50.7 Billion in Emergency Aid for Storm Victims
1,Nobelwinning economist on why we should care about climate change.,On the Nonequivalence of Greenhouse Gases and Entitlement Spending
4.4,NYT Most Emailed Pentagon Set to Lift Ban on Women in Combat Roles The groundbreaking decision overturns a 199 ,Pentagon Lifting Ban on Women in Combat
3,It is laughable to believe the whole story they never met Image Becomes a Puzzle as Theories on Teo Swirl,Image of Manti Teo Becomes Puzzle as Theories Swirl
3.6,Whod have thought an American hero could be a Canadian NYT Man Who Sheltered Americans in Tehran Dies at 88,John Sheardown Canadian Who Sheltered Americans in Tehran Dies at 88
4.4,Vampire Diaries spinoff coming to The CW its based in Nola,Vampire Diaries spinoff pilot coming to The CW
3.6,Poor creature MT  Amid 2dguessing marine rescuers decide not to remove stricken dolphin from Gowanus Canal.,The Hard Decision Not to Rescue an Ailing Dolphin
0.8,CNN Egypt clashes A stern Egyptian court ruling tied to a soccer riot spurred clashes that left at least 30 pe ,Egypt deploys troops to Suez to quell out of control clashes
4,lance armstrong quotes pure gold,Lances classic quotes
5,Gas prices creep up a bit,Gas prices tick up slightly
3.8,Indian Star (Sania Mirza) Tells of Life and Marriage in Media Fishbowl,Straight Sets Indian Star Tells of Life and Marriage in Media Fishbowl
0.8,Parent is defined as a point of origin. Im not done being the best parent I can be for Ben. Not by a very long measure,Families of Newtown School Massacre Victims Organize Against Gun Violence
3.4,New Facebook changes afoot  not to your profile (phew)  rather a new feature GraphSearch.,Facebook introduces Graph Search
4,Parsing What Jodie Foster Did (and Didnt) Say  Gotta be honest I had not idea what she was saying. goldenglobes,The Carpetbagger Parsing What Jodie Foster Did (and Didnt Say)
3.4,Aaron Swartz Internet Activist and a Creator of RSS Is Dead at 26 Apparently a Suicide.,Aaron Swartz Internet Activist Dies at 26
4.6,MT  NY Health Chief Defends Decision Not to Evacuate Hospitals   the importance of disaster OM,New York Health Chief Defends Decision Not to Evacuate Hospitals
0,a case when you might want to take someone elses shit ,Disgusting Maybe but Treatment Works Study Finds
3.2,Good article on the economics & culture that fuels pro cycling. NYTimes Looking Upstream in Doping Cases,Critics Take a Look Upstream in Doping Scandals
4.4,WalMart Plans to Hire Any Veteran Who Wants a Job,WalMart to Announce Extensive Plan to Hire Veterans
3.4,awful way to go out  At least 220 killed in Brazil nightclub fire ",Hundreds killed in Brazil nightclub fire
4.4,The importance of taking a day off,The importance of a stop day
2,Care of the Elderly the opportunity of food is more than meals on wheels.,Study More to Meal Delivery Than Food
3.6,NYTimes Talking Walking Objects (this is a fantasy world for geeky me),Opinion Our Talking Walking Objects
4,I think a bunch of UCI suits need to change their pants NYTimes Armstrong Admits Doping and Says He Will Testify,Armstrong Admits Doping and Says He Will Testify Against Cycling Officials
4.2,What a dope(r)  NYTimes Armstrong Admits Doping and Says He Will Testify,Armstrong Admits Doping and Says He Will Testify Against Cycling Officials
4.2,Million Man March Threatens Pakistan Capital  CNN,Million Man March promises to paralyze Pakistani capital
0.2,This is gonna be fantastic for entertainment,South Park Creators to Start Company Important Studios
4.2, Voice of Charlie Brown arrested charged. " Please tell me he said good grief ,Good grief Charlie Brown actor charged
3, is this antifree speech new French law about Twitter must identify racist antiSemitic posters  via,French court Twitter must identify racist users
4.6,Flu season is here lets clear something up "Do I Need a Flu Shot if Ive Had the Flu",Ask Well Do I Need a Flu Shot if Ive Had the Flu
5,Kobe Bryant wife say they are calling off divorce ,Kobe Bryant and wife call off divorce
1.6,Inspiring article by Chelsea Clinton about volunteering this Saturday  National Day of Service,Clinton We can make a difference
3,Did you read the  Opinionator the relationship between parents & teachers Liza Lee was interviewed.  edchat,Opinionator | Schooling The Dicey ParentTeacher Duet
2,MT  Design Now Rivals Technology in Importance,Disruptions Disruptions Design Is Driving Technology Forward
3.8,uhhhh 10 reasons we cant get enough Gosling yummie,Why we cant get enough Gosling (Duh)
4.6,Java vulnerability due to incomplete patch (from ),Critical Java vulnerability due to incomplete earlier patch
2.2,NYTimes GREAT OBIT on Dear Abby.,Pauline Phillips Flinty Adviser to Millions as Dear Abby Dies at 94
2.8,Robots making US more competitive in manufacturing,Robot Makers Spread Global Gospel of Automation
4,Floridas Burmese Python issue leads to snake killing contest.   ,Florida tackling python problem with hunting contest
4.4,Homicide Tracking Site Expanding to Chicago  Love it. Great call & Congrats,Media Decoder Blog Homicide Tracking Site Expanding to Chicago
3.4,180  At least 90 killed in Brazil nightclub fire ,Hundreds killed in Brazil nightclub fire
4,Are you better off "playing for a tie" in investing,Strategies In Investing at Least It Makes Sense to Play for a Tie
4.2,Boost Your Flu Shot Response With Exercise,Exercise Can Boost Flu Shots Potency
4,For Obamas New Term Start Here  Nick Kristof for NYT,OpEd Columnist For Obamas Second Term Start Here
3.4,Worst nightmare  At least 245 killed in Brazil nightclub fire Update ",Hundreds killed in Brazil nightclub fire
4.4,Anyone tried this Amazon giving you free MP3s your CDs,Amazon giving you free MP3s of your CDs
1,Damn maybe I shouldnt be so sanguine about the London fog,Helicopter crashes in London rush hour
3,NYC school bus drivers go on strike  NYC school bus corruption & in some cases organized crime,New York School Bus Drivers Go on Strike
2.8,How about a path to citizenship for those already caught crossing the border  Citizenship Path in One Fast Push,Obama Will Seek Citizenship Path in One Fast Push
3.6,Good Read. Agree  Mostly  Parents Financial Support May Not Help College Grades  ",Parents Financial Support Linked to College Grades
4.2,J.J. Abrams set to direct Star Wars Episode VII,J.J. Abrams to Direct Next Star Wars Movie
3.4,To face someone that already shot a student   Im no hero says teacher who talked down armed student. ",Teacher talks armed student into giving up police say
1.6,() Brazil hosts largest fag parade in the world. FagsDoomNations 245 people killed in Brazil club fire.,Hundreds killed in Brazil nightclub fire
3.6,Tea Party Unhappy. Fox News Fires Sarah Palin,Fox News and Sarah Palin Part Ways
4.2,on point 5 Wine Words Not to Fear,The Pour In Describing Wines 5 Words Not to Fear
5,See also NYTimes In Quebec a Celebration on Skis,In Quebec a Winter Celebration on Skis
1.2,Life begins at conception unless cas is involved.,Catholic hospitals lawyers argue fetus not a person
3.4,This would be a very very bad idea DPRK. North Korea threatens South Korea ove UN sanctions,North Korea Turns Its Ire on South Korea
3.4,In N.A.A.C.P. Industry Gets Ally Against Soda Ban  hmmmmmmmm . . . .,In Court N.A.A.C.P. Adds Voice Against Bloombergs Soda Ban
4.2,About damn time New York governor signs nations first guncontrol bill since Newtown ,New York to pass first gun control bill since Newtown shooting
5,Unemployment in Spain Climbs Again With No Relief in Sight ,Spanish Joblessness Climbs Again With No Relief in Sight
0.6,Timothy Cook Apples CEO said the pipeline of products was chockfull. We feel great about what we have in store,Apples Profits Are Flat and Stock Drops
3.4,Read that Facebook has launched a new tool () to search its huge database of social graph data.,Bits Blog Facebook Unveils a New Search Tool
4,Dont know why I cant stop reading about him  A Data Crusader a Defendant and Now a Cause,Aaron Swartz a Data Crusader and Now a Cause
3.8,I wish I could see this it sounds cool Second Stage Adds Nobody Loves You,ArtsBeat Second Stage Theater Adds Nobody Loves You
4.4,NYTimes LindaRissPugach Whose Life Was Ripped From Headlines Dies at 75  crazylove,Linda Riss Pugach 19372013 Linda Riss Pugach Whose Life Was Ripped From Headlines Dies at 75
1,3D version of Top Gun was rejected by Chinas censors. The line "religion is darkness in "Life of Pi" gt the X too,In Hollywood Movies for China Bureaucrats Want a Say
1.6,.  Kobe just saved about $100 Mil,Kobe Bryant and wife call off divorce
3.6,NY Times Communications Executive Bob Christie Is Leaving . One of the industrys few good spokespeople.,Times Communications Executive Is Leaving
3.8,RIP I have no words ( At least 245 killed in Brazil nightclub fire ,Hundreds killed in Brazil nightclub fire
4.4,Property Values What You Get for   $1.6 Million,Property Values Real Estate for $1.6 Million
0,Twolves fans should read this piece on KG by  in the NYTimes,Either With Him or Against Him
2.6,India is a shockingly bad place to be a woman  how can it be so backwards,Indias New Focus on Rape Shows Only the Surface of Womens Perils
1,Be careful what you eat  particularly at restaurants,9 calorie bombs at restaurants
4.8,Britainâ€™s Prime Minister Defends Decision to Seek Vote on EuropeanUnion,U.K. Prime Minister Defends Decision to Seek E.U. Vote
4,Where in the world is Ã€frica Selection of the Boeing 787s Battery Maker Raises Questions,Common Sense Selection of the Boeing 787s Battery Maker Raises Questions
2,women have taken their posts with such seamless calm that the country barely noticed.,OpEd Columnist Military Women and the Front Lines
3.8,Justice Thomas hasnt said a single word in the Supreme Court in 7 years.He broke his silence.He said "Well he did not",Justice Thomas Breaks His Silence in Court
3.8,Kids cant trust anyone  50 arrested in Florida child sex sting  including several teachers ",Teachers among 50 arrested in child sex sting
3.4,Pentagon to lift combat ban,Pentagon ends ban on women in combat
3.6,U.S. other nations ground Boeing Dreamliners over fire risk  (CNN),U.S. other nations ground Dreamliners
1.25,I dont normally agree with former PM John Howard  but he is spot on about gun control in the US,OpEd Contributor Australia Banned Assault Weapons. America Can Too.
3.2,Need a rubber stamp of Chairman Mao or Lady Godiva on her horse Ink Pad in the W. Village has got em. NabeJoint,Neighborhood Joint | West Village 10000 Rubber Stamps at Ink Pad in the West Village
4.2,HE Arts Beat Producer Says James Brown Biopic Is Finally a Go The producers says hes gotten the rights from th ,ArtsBeat James Brown Biopic Finally Gets Go Ahead
3.6,This is interesting  NYTimes Parents Financial Support May Not Help College Grades,Parents Financial Support Linked to College Grades
4.2,Ishikawa and Wiratchant Invited to Augusta,Ryo Ishikawa and Thaworn Wiratchant Get Invites to Masters
2,Great ideaShould make capital gains regressive over time based upon how long capital invested  StartupAct",Are we living the capitalists dilemma
1.2,Pentagon breaking news this going to be a big debate.,Pentagon to open combat jobs to women
3.8,Omo dey go tey  Opinion Nigerians still waiting for their African Spring Sowore ,Nigeria waits for African Spring
4.6,Not in my diet but hamburger eaters should be aware *Horsemeat found in hamburgers in Britain & Ireland ,Horsemeat found in hamburgers in Britain and Ireland
4.8,Online internet Aaron Swartz  commits suicide relative says,Online activist Aaron Swartz commits suicide
4.2,Got a flu shot Exercising can make it work even better. from,Exercise Can Boost Flu Shots Potency
1,For Armstrong its about rebuilding a revenue stream the same as always.  doprah,For Armstrong a Confession Without Explanation
3.4,Disruptions Design Rivals Technology in Importance    Nice quotes,Disruptions Disruptions Design Is Driving Technology Forward
4,Before there was Dear Sugar there was Deary Abby Pauline Phillips Flinty Adviser to Millions Dies at 94,Pauline Phillips Flinty Adviser to Millions as Dear Abby Dies at 94
4.6,"France Is Increasing Security at Sites in Niger and at Home."  Uranium Mali,France Is Increasing Security at Uranium Sites in Niger
2.4,On trial over the illegal use of sea unicorn parts  dailywhale,2 Linked to Smuggling Narwhal Tusks Plead Not Guilty
1.4,N. Korea defiant on U.N. sanctions,U.N. Security Council slams North Korea expands sanctions
5,Training Tips From Star Athletes  motivation fitness,Personal Best Training Insights From Star Athletes
2.75,Interesting article Sheâ€™s (Rarely) the Boss,OpEd Columnist Shes (Rarely) the Boss
3.25,Christensen We are living capitalists dilemma,Are we living the capitalists dilemma
0.8,the ginger in me loves that worlds 1 bachelor is part of the gingerfamily,Prince Harry most eligible bachelor
4.2, HMV gone into bankruptcy equivalent ,DealBook British Retailer HMV Enters Equivalent of Bankruptcy
3,Really people  Readers sue Lance Armstrong for book refund after doping admission ,Readers sue Armstrong for book refund
3.8,British Woman Sentenced to Death in Bali Drug Case,British Grandmother Sentenced to Death for Smuggling Cocaine Into Bali
4,DAILY REVIEW Selected Letters of William Styron  Review,Selected Letters of William Styron
